actividad,responsable,semana,stopper,duracion,dias_al_evento,indicador
Aforo,"Dirección General CIE Internacional y F1,Gerente de Planeación Financiera F1",Semana 1,,104,576,2
Segmentación y Valoración del Espacio Dentro y Fuera de la Pista,Dirección de Operaciones F1,Semana 1,,41,578,1
Proyecto Ejecutivo,Dirección de Operaciones F1,Semana 1,Proyecto Ejecutivo,20,578,1
Diseño de la Imagen y Presentación,Creativo F1,Semana 1,,0,578,1
Propuestas Creativas,"Creativo F1,Dirección de Mercadotecnia F1",Semana 1,Propuestas Creativas,0,578,1
Imagen Master,"Creativo F1,Dirección de Mercadotecnia F1",Semana 1,,1,577,1
Aprobación de Imagen Master,"Creativo F1,Dirección de Mercadotecnia F1",Semana 1,Aprobación de Imagen Master,0,577,1
Presentación de Productos Corporativos,"Dirección Comercial F1,Creativo F1,Gerencia de Mercadotecnia F1",Semana 1,Presentación de Productos Corporativos,0,576,1
Venta de Productos y Servicios,Gerencia Sr. Comercial F1,Semana 1,,571,573,3
Experiencia al Cliente Corporativo,"Dirección Comercial F1,Gerencia Comercial F1,Gerencia de Administración e Información Comercial,Gerencia Sr. Comercial F1",Semana 1,,564,573,3
Branding,Creativo F1,Semana 1,,506,573,3
Pre-Producción,"Dirección Comercial F1,Gerencia Comercial F1,Gerencia de Administración e Información Comercial,Gerencia Sr. Comercial F1",Semana 1,,413,573,3
Branding,"Dirección Comercial F1,Gerencia Comercial F1,Gerencia de Administración e Información Comercial,Gerencia Sr. Comercial F1",Semana 1,,67,573,1
Presentación LANDYARD SUITES,"Dirección Comercial F1,Gerencia Comercial F1,Gerencia de Administración e Información Comercial,Gerencia Sr. Comercial F1",Semana 1,Presentación LANDYARD SUITES,53,573,1
Amenities,"Dirección Comercial F1,Gerencia Comercial F1,Gerencia de Administración e Información Comercial,Gerencia Sr. Comercial F1,Creativo F1,Gerente Producción F1,Coordinación Experiencia al Cliente Corporativo F1",Semana 1,,14,573,1
Propuesta Conceptual,"Gerencia de Mercadotecnia F1,Dirección Comercial F1,Gerencia Sr. Comercial F1,Creativo F1",Semana 1,Propuesta Conceptual,11,573,1
Presentación para Venta,"Creativo F1,Dirección de Mercadotecnia F1",Semana 1,Presentación para Venta,4,573,1
Presentación LANDYARD CASHLESS,"Dirección Comercial F1,Gerencia Comercial F1,Gerencia de Administración e Información Comercial,Gerencia Sr. Comercial F1",Semana 1,Presentación LANDYARD CASHLESS,0,573,1
Presentación LANDYARD GRADA 3,"Coordinación Experiencia al Cliente,Gerente de Experiencia al Cliente Corporativos F1,Dirección Comercial F1,Gerencia Comercial F1,Gerencia Sr. Comercial F1,Contraloría F1",Semana 1,Presentación LANDYARD GRADA 3,0,573,1
Experiencia al Cliente Corporativo,"Dirección Comercial F1,Gerencia Comercial F1,Gerencia de Administración e Información Comercial,Gerencia Sr. Comercial F1",Semana 1,Experiencia al Cliente Corporativo,0,573,1
Entrega de materiales para campaña,Gerente Producción F1,Semana 1,Entrega de materiales para campaña,0,573,1
Ajustes generales LANDYARD CASHLESS,"Dirección Comercial F1,Gerencia Comercial F1,Gerencia de Administración e Información Comercial,Gerencia Sr. Comercial F1",Semana 1,Ajustes generales LANDYARD CASHLESS,6,572,1
Ajustes generales LANDYARD GRADA 3,"Dirección Comercial F1,Gerencia Comercial F1,Gerencia de Administración e Información Comercial,Gerencia Sr. Comercial F1",Semana 1,Ajustes generales LANDYARD GRADA 3,6,572,1
Visualización y propuesta de punto de entrega de kits.,"Dirección Comercial F1,Gerencia Comercial F1,Gerencia de Administración e Información Comercial,Gerencia Sr. Comercial F1",Semana 1,Visualización y propuesta de punto de entrega de kits.,0,572,1
Aprobación de propuesta LANDYARD CASHLESS,"Dirección Comercial F1,Gerencia Comercial F1,Gerencia de Administración e Información Comercial,Gerencia Sr. Comercial F1",Semana 2,Aprobación de propuesta LANDYARD CASHLESS,6,565,1
Aprobación de propuesta LANDYARD GRADA 3,"Dirección Comercial F1,Gerencia Comercial F1,Gerencia de Administración e Información Comercial,Gerencia Sr. Comercial F1",Semana 2,Aprobación de propuesta LANDYARD GRADA 3,6,565,1
Análisis del Proyecto Ejecutivo,Dirección de Operaciones F1,Semana 4,Análisis del Proyecto Ejecutivo,13,557,1
Determinación del Inventario de Espacios por Zona con precios (Factibilidad),"Gerente de Planeación Financiera F1,Dirección General CIE Internacional y F1",Semana 6,,21,543,1
Determinación de inventarios de espacios,"Gerente de Planeación Financiera F1,Dirección de Operaciones F1",Semana 6,Determinación de inventarios de espacios,13,543,1
Aprobación de Proyecto Ejecutivo,Dirección de Operaciones F1,Semana 6,Aprobación de Proyecto Ejecutivo,6,543,1
Estimación metro cuadrado por persona-servicios,"Gerente de Planeación Financiera F1,Dirección de Operaciones F1",Semana 8,Estimación metro cuadrado por persona-servicios,6,529,1
Costeo de metro cuadrado de servicios,"Gerente de Planeación Financiera F1,Dirección de Operaciones F1",Semana 8,Costeo de metro cuadrado de servicios,6,529,1
Estimación de ingresos,"Gerente de Planeación Financiera F1,Dirección de Operaciones F1",Semana 9,Estimación de ingresos,0,522,1
Determinación de Tabla de Precios,Gerente de Planeación Financiera F1,Semana 9,,47,521,1
Valuación de espacios On Track,Gerente de Planeación Financiera F1,Semana 9,Valuación de espacios On Track,6,521,1
Ajustes generales LANDYARD SUITES,Coordinación Experiencia al Cliente,Semana 9,Ajustes generales LANDYARD SUITES,4,517,1
Valuación de espacios Off Track,Gerente de Planeación Financiera F1,Semana 10,Valuación de espacios Off Track,6,514,1
"Entrega de propuesta de renders. (Módulos cashless, bonificación, tótems, playeras, pallets, tokens.) Seguimiento de cambios",Coordinación Experiencia al Cliente,Semana 10,"Entrega de propuesta de renders. (Módulos cashless, bonificación, tótems, playeras, pallets, tokens.) Seguimiento de cambios",4,510,1
"Propuesta de render del back, copete y faldón del módulo de pre carga",Coordinación Experiencia al Cliente,Semana 10,"Propuesta de render del back, copete y faldón del módulo de pre carga",4,510,1
Experiencia culinaria,Gerencia de Relaciones Públicas F1,Semana 10,Experiencia culinaria,4,510,1
Estimación de egresos,Gerente de Planeación Financiera F1,Semana 11,Estimación de egresos,5,507,1
Estimación de rentabilidad,Gerente de Planeación Financiera F1,Semana 11,Estimación de rentabilidad,5,507,1
Tabla de Precios,"Dirección General CIE Internacional y F1,Gerente de Planeación Financiera F1",Semana 12,Tabla de Precios,6,501,1
Administración de Boletera-Boletaje,Coordinación de Boletaje F1,Semana 13,,492,494,3
Logística de impresión (indicación de fecha),Ticketmaster,Semana 13,,492,494,3
Búsqueda de proveedores,"Coordinación de Compras F1,Subdirección Planeación Estratégica",Semana 13,Búsqueda de proveedores,482,494,3
Requisición,Coordinación de Compras F1,Semana 13,,369,494,2
Requisición,Coordinación de Compras F1,Semana 13,Requisición,327,494,2
Muestras de bolsas ecologicas Promocionales,"Coordinación Experiencia al Cliente,Coordinación Experiencia al Cliente Corporativo F1,Gerencia de Experiencia al Cliente Hospitalidades y Protocolos F1,Gerencia de Redes Sociales F1,Gerencia de Relaciones Públicas F1,Gerente de Experiencia al Cliente C...",Semana 13,Muestras de bolsas ecologicas Promocionales,279,494,2
Definición de Pautado Redes Sociales,Gerencia de Redes Sociales F1,Semana 13,Definición de Pautado Redes Sociales,55,494,1
Definición de Proyectos de PR,Gerencia de Relaciones Públicas F1,Semana 13,Definición de Proyectos de PR,55,494,1
Presupuesto de Egresos,"Gerente de Planeación Financiera F1,Dirección General de Gerencia de Planeación Financiera F1",Semana 13,,35,494,1
Determinación de canales de venta,Gerente de Planeación Financiera F1,Semana 13,Determinación de canales de venta,6,494,1
Definición del inventario para boletera,"Dirección General CIE Internacional y F1,Coordinación de Boletaje F1",Semana 13,Definición del inventario para boletera,0,494,1
Definición de fecha salida a Venta,"Dirección Comercial F1,Gerencia Sr. Comercial F1,Gerencia Comercial F1,Gerencia de Administración e Información Comercial,Dirección General CIE Internacional y F1,Gerente de Experiencia al Cliente Corporativos F1",Semana 13,Definición de fecha salida a Venta,0,494,1
Fuentes de ingresos (productos),"Gerente de Planeación Financiera F1,Dirección General de Gerencia de Planeación Financiera F1",Semana 13,Fuentes de ingresos (productos),0,494,1
Fuentes de egresos,"Gerente de Planeación Financiera F1,Dirección General de Gerencia de Planeación Financiera F1",Semana 13,Fuentes de egresos,0,494,1
Ajustes de asientos contables,Contraloría F1,Semana 13,Ajustes de asientos contables,0,494,1
Análisis,Coordinación de Compras F1,Semana 13,,0,494,1
Requisitos,Coordinación de Compras F1,Semana 13,Requisitos,0,494,1
Criterios para Desarrollo de Proveedores,Coordinación de Compras F1,Semana 13,Criterios para Desarrollo de Proveedores,0,494,1
Reglas de negocio,"Coordinación de Compras F1,Subdirección Planeación Estratégica",Semana 13,Reglas de negocio,0,494,1
Proyección de compra,Coordinación de Compras F1,Semana 13,Proyección de compra,0,494,1
Fecha de Salida a la Venta,"Dirección Comercial F1,Gerencia Sr. Comercial F1,Gerencia Comercial F1,Gerencia de Administración e Información Comercial,Dirección General CIE Internacional y F1",Semana 13,Fecha de Salida a la Venta,146,493,2
Planeación de ingresos,"Gerente de Planeación Financiera F1,Dirección General de Gerencia de Planeación Financiera F1",Semana 13,Planeación de ingresos,13,493,1
Planeación de Egresos,"Gerente de Planeación Financiera F1,Dirección General de Gerencia de Planeación Financiera F1",Semana 13,Planeación de Egresos,13,493,1
Negociación,Coordinación de Compras F1,Semana 13,,0,493,1
Negociación,Coordinación de Compras F1,Semana 13,Negociación,0,493,1
Volumen de compra ( Definición),Coordinación de Compras F1,Semana 13,Volumen de compra ( Definición),0,493,1
Plataforma,Líder Proyectos y Plataformas,Semana 14,,253,487,2
"Master plan (borrador, versiones y as built)",Gerente Producción F1,Semana 14,"Master plan (borrador, versiones y as built)",13,487,1
Distribución de Inventario por canal de venta,Coordinación de Boletaje F1,Semana 14,Distribución de Inventario por canal de venta,0,487,1
Experiencia al Cliente PADDOCK,Gerencia Hospitalidades y Experiencias Premium F1,Semana 14,,0,487,1
Planeación,"Gerencia de Experiencia al Cliente Hospitalidades y Protocolos F1,Dirección de Operaciones F1,Gerencia Comercial F1,Gerencia Sr. Comercial F1",Semana 14,Planeación,0,487,1
"Levantamiento de necesidades. (Roles, cantidad, etc.)",Líder Proyectos y Plataformas,Semana 14,"Levantamiento de necesidades. (Roles, cantidad, etc.)",0,487,1
Solicitudes,Líder Proyectos y Plataformas,Semana 14,Solicitudes,41,486,1
Escenarios financieros,Gerente de Planeación Financiera F1,Semana 15,Escenarios financieros,6,479,1
Escenarios financieros,Gerente de Planeación Financiera F1,Semana 15,Escenarios financieros,6,479,1
Presupuesto de ingresos,Gerente de Planeación Financiera F1,Semana 16,Presupuesto de ingresos,13,472,1
Presupuesto de Egresos,Gerente de Planeación Financiera F1,Semana 16,Presupuesto de Egresos,13,472,1
Presupuesto de Ingresos,Gerente de Planeación Financiera F1,Semana 16,Presupuesto de Ingresos,13,472,1
Planificación de necesidades,Líder Proyectos y Plataformas,Semana 20,Planificación de necesidades,83,444,1
Elaboración de contenidos,"Creativo F1,Gerencia de Redes Sociales F1,Gerencia de Relaciones Públicas F1",Semana 21,Elaboración de contenidos,55,438,1
Vocero para entrevistas,"Gerencia de Redes Sociales F1,Gerencia de Relaciones Públicas F1",Semana 21,Vocero para entrevistas,13,438,1
Colaboraciones,"Gerencia de Experiencia al Cliente Hospitalidades y Protocolos F1,Gerencia de Mercadotecnia F1,Gerencia de Redes Sociales F1",Semana 23,Colaboraciones,422,424,3
Implementación de mejoras,Líder Proyectos y Plataformas,Semana 32,Implementación de mejoras,125,360,2
Cuadre (se realiza cada semana),"Subdirectora Promotoría Exp Al Cliente y Sustentabilidad F1,Gerente de Planeación Financiera F1",Semana 34,Cuadre (se realiza cada semana),344,346,2
Ventas Especiales,Coordinación de Boletaje F1,Semana 34,Ventas Especiales,344,346,2
Propuestas aceptadas por Cliente,"Dirección Comercial F1,Gerencia Sr. Comercial F1,Gerencia Comercial F1",Semana 34,Propuestas aceptadas por Cliente,344,346,2
Contrato/Carta Compromiso,Gerencia de Administración e Información Comercial,Semana 34,Contrato/Carta Compromiso,344,346,2
Seguimiento y Conciliación de Pago,"Dirección Comercial F1,Gerencia Comercial F1,Gerencia de Administración e Información Comercial,Gerencia Sr. Comercial F1,Contraloría F1",Semana 34,Seguimiento y Conciliación de Pago,344,346,2
Cierre de la venta,"Dirección Comercial F1,Gerencia Comercial F1,Gerencia de Administración e Información Comercial,Gerencia Sr. Comercial F1",Semana 34,Cierre de la venta,344,346,2
Administración de Venta,"Contraloría F1,Dirección Comercial F1,Gerencia Comercial F1,Gerencia de Administración e Información Comercial,Gerencia Sr. Comercial F1",Semana 34,,344,346,2
Analítica de Pagos,Gerente de Planeación Financiera F1,Semana 34,Analítica de Pagos,344,346,2
Conciliación de pago,"Gerencia Comercial F1,Gerencia Sr. Comercial F1,Delivery F1",Semana 34,Conciliación de pago,343,346,2
Alta de cliente en software de ventas o control de venta,"Gerencia de Administración e Información Comercial,Gerencia Comercial F1,Gerencia Sr. Comercial F1",Semana 34,Alta de cliente en software de ventas o control de venta,307,346,2
Contratos o cartas firmados por el cliente (Documentos del clientes para contrato),"Gerencia de Administración e Información Comercial,Gerencia Comercial F1,Gerencia Sr. Comercial F1,Delivery F1",Semana 34,Contratos o cartas firmados por el cliente (Documentos del clientes para contrato),307,346,2
Solicitud para la generación de boletos,Coordinación de Boletaje F1,Semana 34,Solicitud para la generación de boletos,279,346,2
Uso de Look&Feel en espacios y objetos,Gerente de Experiencia al Cliente Corporativos F1,Semana 34,Uso de Look&Feel en espacios y objetos,279,346,2
Definición de espacios y tamaño de montaje,"Creativo F1,Gerente Producción F1,Gerente de Experiencia al Cliente Corporativos F1",Semana 34,Definición de espacios y tamaño de montaje,209,346,2
Fechas de salida a la venta (solicitudes listas),Coordinación de Boletaje F1,Semana 34,Fechas de salida a la venta (solicitudes listas),27,346,1
Seguimiento de contrato,"Gerencia Comercial F1,Gerencia Sr. Comercial F1",Semana 34,Seguimiento de contrato,0,346,1
Adiciones / Modificaciones,"Gerencia Comercial F1,Gerencia Sr. Comercial F1",Semana 34,Adiciones / Modificaciones,343,345,2
Propuesta conceptual,Analista de Proyectos Entretenimiento F1,Semana 44,,267,272,2
Activaciones Marca,"Dirección Comercial F1,Gerencia Comercial F1,Gerencia de Administración e Información Comercial,Gerencia Sr. Comercial F1",Semana 44,,206,272,2
Propuesta conceptual,Analista de Proyectos Entretenimiento F1,Semana 44,,206,272,2
Directorio de proveedores,"Coordinación de Compras F1,Subdirección Planeación Estratégica",Semana 44,,170,272,2
Cotizacion de sobres para boletos RP impresos,"Coordinación de Compras F1,Subdirección Planeación Estratégica",Semana 44,Cotizacion de sobres para boletos RP impresos,170,272,2
Activaciones,Gerencia de Administración e Información Comercial,Semana 44,,98,272,1
Fecha límite para aprobar diseño de playeras,Analista de Proyectos Entretenimiento F1,Semana 44,Fecha límite para aprobar diseño de playeras,30,272,1
Presentación Agencias,Analista de Proyectos Entretenimiento F1,Semana 44,Presentación Agencias,28,272,1
Planeación,"Gerencia de Experiencia al Cliente Hospitalidades y Protocolos F1,Analista de Proyectos Entretenimiento F1,Analista Experiencia al Cliente,Gerente de Experiencia al Cliente Corporativos F1",Semana 44,Planeación,0,272,1
Activaciones Entretenimiento,Analista de Proyectos Entretenimiento F1,Semana 44,,0,272,1
Planeación,"Analista de Proyectos Entretenimiento F1,Gerencia de Experiencia al Cliente Hospitalidades y Protocolos F1",Semana 44,,0,272,1
Planeación,"Analista de Proyectos Entretenimiento F1,Gerencia de Experiencia al Cliente Hospitalidades y Protocolos F1",Semana 44,Planeación,0,272,1
Contratación Situacion Maria tinto Vino,"Coordinación de Compras F1,Subdirección Planeación Estratégica",Semana 44,Contratación Situacion Maria tinto Vino,0,272,1
Muestra de playera para Marketing Textiles,"Coordinación de Compras F1,Subdirección Planeación Estratégica",Semana 44,Muestra de playera para Marketing Textiles,0,272,1
Show room impresos Impresos,"Coordinación de Compras F1,Subdirección Planeación Estratégica",Semana 44,Show room impresos Impresos,0,272,1
Carros de Golf / Motos Carros de Golf,"Coordinación de Compras F1,Subdirección Planeación Estratégica",Semana 44,Carros de Golf / Motos Carros de Golf,0,272,1
Muestra de sueter para Marketing Textiles,"Coordinación de Compras F1,Subdirección Planeación Estratégica",Semana 44,Muestra de sueter para Marketing Textiles,0,272,1
Cajas para marketing Cajas,"Coordinación de Compras F1,Subdirección Planeación Estratégica",Semana 44,Cajas para marketing Cajas,0,272,1
Revisión de bases finales monitoreo,"Coordinación de Compras F1,Subdirección Planeación Estratégica",Semana 44,Revisión de bases finales monitoreo,0,272,1
IFOOD Comida,"Coordinación de Compras F1,Subdirección Planeación Estratégica",Semana 44,IFOOD Comida,0,272,1
Proyecto de banderines sustentables Textiles,"Coordinación de Compras F1,Subdirección Planeación Estratégica",Semana 44,Proyecto de banderines sustentables Textiles,0,272,1
Muestras de Lanyard Textiles,"Coordinación de Compras F1,Subdirección Planeación Estratégica",Semana 44,Muestras de Lanyard Textiles,0,272,1
Ideartte Impresos/Carpas,"Coordinación de Compras F1,Subdirección Planeación Estratégica",Semana 44,Ideartte Impresos/Carpas,0,272,1
Brief audio y video de Promotoria Audio y video,"Coordinación de Compras F1,Subdirección Planeación Estratégica",Semana 44,Brief audio y video de Promotoria Audio y video,0,272,1
Banderines de Promotoria Textiles,"Coordinación de Compras F1,Subdirección Planeación Estratégica",Semana 44,Banderines de Promotoria Textiles,0,272,1
Muestras nuevas de gorras Textiles,"Coordinación de Compras F1,Subdirección Planeación Estratégica",Semana 44,Muestras nuevas de gorras Textiles,0,272,1
Entrega final versión completa + versión resumen,"Coordinación de Compras F1,Subdirección Planeación Estratégica",Semana 44,Entrega final versión completa + versión resumen,0,272,1
Entrega final versión completa + versión corta,"Coordinación de Compras F1,Subdirección Planeación Estratégica",Semana 44,Entrega final versión completa + versión corta,0,272,1
Ednovi Pirotecnia,"Coordinación de Compras F1,Subdirección Planeación Estratégica",Semana 44,Ednovi Pirotecnia,0,272,1
Arcos acceso general Display,"Coordinación de Compras F1,Subdirección Planeación Estratégica",Semana 44,Arcos acceso general Display,0,272,1
Estructuras MK impresos,"Coordinación de Compras F1,Subdirección Planeación Estratégica",Semana 44,Estructuras MK impresos,0,272,1
Testigos de monitoreo finales,"Coordinación de Compras F1,Subdirección Planeación Estratégica",Semana 44,Testigos de monitoreo finales,0,272,1
Escaleras de servicio Construccion,"Coordinación de Compras F1,Subdirección Planeación Estratégica",Semana 44,Escaleras de servicio Construccion,0,272,1
Puente temporal Total show Construccion,"Coordinación de Compras F1,Subdirección Planeación Estratégica",Semana 44,Puente temporal Total show Construccion,0,272,1
"Display GNP, PHOTO OPP, Display","Coordinación de Compras F1,Subdirección Planeación Estratégica",Semana 44,"Display GNP, PHOTO OPP, Display",0,272,1
Cotizar mecanica de suelo Construccion,"Coordinación de Compras F1,Subdirección Planeación Estratégica",Semana 44,Cotizar mecanica de suelo Construccion,0,272,1
Amevi Ambulancias,"Coordinación de Compras F1,Subdirección Planeación Estratégica",Semana 44,Amevi Ambulancias,0,272,1
"Bajas de agua pit building, Construccion","Coordinación de Compras F1,Subdirección Planeación Estratégica",Semana 44,"Bajas de agua pit building, Construccion",0,272,1
Modulos de informacion Display,"Coordinación de Compras F1,Subdirección Planeación Estratégica",Semana 44,Modulos de informacion Display,0,272,1
Video voluntarios Audio y video,Coordinación de Compras F1,Semana 44,Video voluntarios Audio y video,0,272,1
Modulos de informacion Display,Coordinación de Compras F1,Semana 44,Modulos de informacion Display,0,272,1
Respuesta revisión de bases,Coordinación de Compras F1,Semana 44,Respuesta revisión de bases,0,272,1
Propuesta conceptual,"Gerencia de Experiencia al Cliente Hospitalidades y Protocolos F1,Gerente Producción F1,Subdirectora Promotoría Exp Al Cliente y Sustentabilidad F1",Semana 44,Propuesta conceptual,41,271,1
Ajustes IV,Analista de Proyectos Entretenimiento F1,Semana 48,Ajustes IV,16,243,1
Fecha límite para aprobar manual de recarga citibanamex cashless,Analista de Proyectos Entretenimiento F1,Semana 49,Fecha límite para aprobar manual de recarga citibanamex cashless,118,241,2
Atención a Prensa y Medios,Coordinación Media Centre F1,Semana 50,,181,234,2
Planeación (Media Kit),Coordinación Media Centre F1,Semana 50,Planeación (Media Kit),83,234,1
Inicio de programación y pruebas plataforma,Líder Proyectos y Plataformas,Semana 50,Inicio de programación y pruebas plataforma,0,234,1
Validación por el cliente,"Analista de Proyectos Entretenimiento F1,Gerencia de Experiencia al Cliente Hospitalidades y Protocolos F1",Semana 50,Validación por el cliente,20,229,1
Propuesta de entretenimiento (Lista),Analista de Proyectos Entretenimiento F1,Semana 51,Propuesta de entretenimiento (Lista),0,226,1
Negociación con Compras,Analista de Proyectos Entretenimiento F1,Semana 51,Negociación con Compras,4,223,1
Versión final Agencias,Analista de Proyectos Entretenimiento F1,Semana 52,Versión final Agencias,0,216,1
Presentación entretenimiento,"Gerencia de Experiencia al Cliente Hospitalidades y Protocolos F1,Subdirectora Promotoría Exp Al Cliente y Sustentabilidad F1",Semana 52,Presentación entretenimiento,3,215,1
Presentación aprobación Subdirección,Analista de Proyectos Entretenimiento F1,Semana 53,Presentación aprobación Subdirección,8,209,1
Programación,"Analista de Proyectos Entretenimiento F1,Gerencia de Experiencia al Cliente Hospitalidades y Protocolos F1",Semana 53,Programación,20,208,1
Validación Dirección General,Analista de Proyectos Entretenimiento F1,Semana 55,Validación Dirección General,8,200,1
Planeación de campañas de difusión y promoción,"Gerencia de Redes Sociales F1,Gerencia de Relaciones Públicas F1,Dirección de Mercadotecnia F1,Gerencia de Mercadotecnia F1",Semana 55,,0,195,1
Planeación de objetivos de campaña y Briefs,Gerencia Mercadotecnia Digital F1,Semana 55,,0,195,1
Reunión Kick Off,"Gerencia de Redes Sociales F1,Gerencia de Relaciones Públicas F1,Dirección de Mercadotecnia F1,Gerencia de Mercadotecnia F1",Semana 55,Reunión Kick Off,0,194,1
Definición de pautado Marketing Digital,Gerencia de Redes Sociales F1,Semana 56,Definición de pautado Marketing Digital,55,193,1
Programación (Envío a Mkt),Analista de Proyectos Entretenimiento F1,Semana 56,Programación (Envío a Mkt),24,191,1
Ubicación,"Analista de Proyectos Entretenimiento F1,Gerencia de Experiencia al Cliente Hospitalidades y Protocolos F1",Semana 56,Ubicación,13,187,1
Acreditación de Medios,Coordinador de Sostenibilidad F1,Semana 58,,153,173,2
Convocatoria Abierta para medios de comunicación,"Coordinación Experiencia al Cliente,Coordinación Experiencia al Cliente Corporativo F1,Gerencia de Experiencia al Cliente Hospitalidades y Protocolos F1,Gerencia de Redes Sociales F1,Gerencia de Relaciones Públicas F1,Gerente de Experiencia al Cliente C...",Semana 58,Convocatoria Abierta para medios de comunicación,97,173,1
Entrega de bases para revisión del primer semestre,"Coordinación de Compras F1,Subdirección Planeación Estratégica",Semana 58,Entrega de bases para revisión del primer semestre,41,173,1
Experiencia al Cliente Premium,"Dirección General CIE Internacional y F1,Gerencia de Experiencia al Cliente Hospitalidades y Protocolos F1,Subdirectora Promotoría Exp Al Cliente y Sustentabilidad F1",Semana 58,,29,173,1
Amenities (físicas),Gerencia Hospitalidades y Experiencias Premium F1,Semana 58,,29,173,1
Autorización de logos,"Dirección de Operaciones F1,Gerente Producción F1",Semana 58,Autorización de logos,27,173,1
Planeación Media Kit,Gerencia de Relaciones Públicas F1,Semana 58,Planeación Media Kit,20,173,1
Monitoreo de Publicaciones de Redes Sociales,"Gerencia de Redes Sociales F1,Gerencia de Relaciones Públicas F1,Dirección de Mercadotecnia F1,Gerencia de Mercadotecnia F1",Semana 58,,15,173,1
Sostenibilidad,Coordinador de Sostenibilidad F1,Semana 58,,15,173,1
Gobierno Corporativo,Coordinador de Sostenibilidad F1,Semana 58,,14,173,1
Aprobación de lonas en grada,"Dirección de Operaciones F1,Gerente Producción F1",Semana 58,Aprobación de lonas en grada,13,173,1
Definición de aspectos a evaluar,Gerencia de Experiencia al Cliente Hospitalidades y Protocolos F1,Semana 58,Definición de aspectos a evaluar,13,173,1
Planeación programa de voluntarios,"Coordinación Experiencia al Cliente,Coordinación Experiencia al Cliente Corporativo F1,Gerencia de Experiencia al Cliente Hospitalidades y Protocolos F1,Gerencia de Redes Sociales F1,Gerencia de Relaciones Públicas F1,Gerente de Experiencia al Cliente C...",Semana 58,Planeación programa de voluntarios,6,173,1
Aprobación totems señalización,"Dirección de Operaciones F1,Gerente Producción F1",Semana 58,Aprobación totems señalización,6,173,1
Estrategia de Sostenibilidad,Coordinador de Sostenibilidad F1,Semana 58,,6,173,1
Política de Sustentabilidad,Coordinador de Sostenibilidad F1,Semana 58,Política de Sustentabilidad,6,173,1
Objetivos de Sustentabilidad,Coordinador de Sostenibilidad F1,Semana 58,Objetivos de Sustentabilidad,6,173,1
Líneas Estratégicas,Coordinador de Sostenibilidad F1,Semana 58,Líneas Estratégicas,6,173,1
Estrategia de Sostenibilidad,Coordinador de Sostenibilidad F1,Semana 58,Estrategia de Sostenibilidad,6,173,1
Página Web México GP Lista,"Coordinación Experiencia al Cliente,Coordinación Experiencia al Cliente Corporativo F1,Gerencia de Experiencia al Cliente Hospitalidades y Protocolos F1,Gerencia de Redes Sociales F1,Gerencia de Relaciones Públicas F1,Gerente de Experiencia al Cliente C...",Semana 58,Página Web México GP Lista,0,173,1
Give away hospitalidades,Gerencia Hospitalidades y Experiencias Premium F1,Semana 58,Give away hospitalidades,0,173,1
Entrega de Master Graphic,"Dirección de Operaciones F1,Gerente Producción F1",Semana 58,Entrega de Master Graphic,0,173,1
Revisión y pruebas de Look& Feel,"Dirección de Operaciones F1,Gerente Producción F1",Semana 58,Revisión y pruebas de Look& Feel,0,173,1
Revisión de bases finales monitoreo,Gerencia de Experiencia al Cliente Hospitalidades y Protocolos F1,Semana 58,Revisión de bases finales monitoreo,0,173,1
Entrega de reporte fotográfico para revisión completa,"Coordinación de Compras F1,Subdirección Planeación Estratégica",Semana 58,Entrega de reporte fotográfico para revisión completa,0,173,1
Lanyard hospitalidades,"Dirección General CIE Internacional y F1,Gerencia de Experiencia al Cliente Hospitalidades y Protocolos F1,Subdirectora Promotoría Exp Al Cliente y Sustentabilidad F1",Semana 59,,19,172,1
Lanyard Grada,"Dirección General CIE Internacional y F1,Gerencia de Experiencia al Cliente Hospitalidades y Protocolos F1,Subdirectora Promotoría Exp Al Cliente y Sustentabilidad F1",Semana 59,,19,172,1
Playera,"Dirección General CIE Internacional y F1,Gerencia de Experiencia al Cliente Hospitalidades y Protocolos F1,Subdirectora Promotoría Exp Al Cliente y Sustentabilidad F1",Semana 59,,19,172,1
Gorra,"Dirección General CIE Internacional y F1,Subdirectora Promotoría Exp Al Cliente y Sustentabilidad F1",Semana 59,,19,172,1
Selección de Uniformes,"Dirección General CIE Internacional y F1,Subdirectora Promotoría Exp Al Cliente y Sustentabilidad F1",Semana 59,Selección de Uniformes,13,172,1
Entrega de bases finales monitoreo,Gerencia de Experiencia al Cliente Hospitalidades y Protocolos F1,Semana 59,Entrega de bases finales monitoreo,13,172,1
Selección de Lanyard hospitalidades,"Dirección General CIE Internacional y F1,Gerencia de Experiencia al Cliente Hospitalidades y Protocolos F1,Subdirectora Promotoría Exp Al Cliente y Sustentabilidad F1",Semana 59,Selección de Lanyard hospitalidades,0,172,1
Selección Lanyard Grada,"Dirección General CIE Internacional y F1,Subdirectora Promotoría Exp Al Cliente y Sustentabilidad F1",Semana 59,Selección Lanyard Grada,0,172,1
Selección Playera Campaña,"Dirección General CIE Internacional y F1,Subdirectora Promotoría Exp Al Cliente y Sustentabilidad F1",Semana 59,Selección Playera Campaña,0,172,1
Selección Gorra Campaña,"Dirección General CIE Internacional y F1,Subdirectora Promotoría Exp Al Cliente y Sustentabilidad F1",Semana 59,Selección Gorra Campaña,0,172,1
Aprobación Lanyard hospitalidades,"Dirección General CIE Internacional y F1,Gerencia de Experiencia al Cliente Hospitalidades y Protocolos F1,Subdirectora Promotoría Exp Al Cliente y Sustentabilidad F1",Semana 59,Aprobación Lanyard hospitalidades,18,171,1
Aprobación Lanyard Grada,"Dirección General CIE Internacional y F1,Subdirectora Promotoría Exp Al Cliente y Sustentabilidad F1",Semana 59,Aprobación Lanyard Grada,18,171,1
Aprobación Playera Campaña,"Dirección General CIE Internacional y F1,Subdirectora Promotoría Exp Al Cliente y Sustentabilidad F1",Semana 59,Aprobación Playera Campaña,18,171,1
Aprobación Gorra Campaña,"Dirección General CIE Internacional y F1,Subdirectora Promotoría Exp Al Cliente y Sustentabilidad F1",Semana 59,Aprobación Gorra Campaña,18,171,1
Orden de compra,Coordinación de Compras F1,Semana 59,Orden de compra,27,166,1
Correcciones Renders,Analista de Proyectos Entretenimiento F1,Semana 59,Correcciones Renders,17,166,1
"Sesiones con Universidades, (Contar con todos los convenios con Universidades firmados).","Coordinación Experiencia al Cliente,Coordinación Experiencia al Cliente Corporativo F1,Gerencia de Experiencia al Cliente Hospitalidades y Protocolos F1,Gerencia de Redes Sociales F1,Gerencia de Relaciones Públicas F1,Gerente de Experiencia al Cliente C...",Semana 59,"Sesiones con Universidades, (Contar con todos los convenios con Universidades firmados).",13,166,1
Orden del día,Coordinador de Sostenibilidad F1,Semana 59,Orden del día,0,166,1
Objetivos estratégicos de FOM,Coordinador de Sostenibilidad F1,Semana 60,Objetivos estratégicos de FOM,6,165,1
Operación de Helipuertos,Gerencia de Seguridad Corporativa,Semana 60,,95,160,1
Permisos,Gerencia de Seguridad Corporativa,Semana 60,Permisos,25,160,1
Acreditación de Escoltas,Gerencia de Seguridad Corporativa,Semana 60,,22,160,1
Datos de registro,Gerencia de Seguridad Corporativa,Semana 60,Datos de registro,18,160,1
Normas de Seguridad,Gerencia de Seguridad Corporativa,Semana 60,Normas de Seguridad,11,160,1
Reuniones y Reglamento de Seguridad,Gerencia de Seguridad Corporativa,Semana 60,,0,160,1
Selección de proveedores,Gerencia de Experiencia al Cliente Hospitalidades y Protocolos F1,Semana 60,Selección de proveedores,27,159,1
Scouting en autódromo Hermanos Rodriguez,"Dirección de Operaciones F1,Gerente Producción F1",Semana 60,Scouting en autódromo Hermanos Rodriguez,13,159,1
Levantamiento de requerimientos de uniformes,"Dirección General CIE Internacional y F1,Subdirectora Promotoría Exp Al Cliente y Sustentabilidad F1",Semana 61,Levantamiento de requerimientos de uniformes,13,158,1
Entrega de capítulo eventos especiales Parte 1,Gerencia de Experiencia al Cliente Hospitalidades y Protocolos F1,Semana 61,Entrega de capítulo eventos especiales Parte 1,0,158,1
Evaluación de acciones de Sostenibilidad,Coordinador de Sostenibilidad F1,Semana 61,,0,158,1
Acciones para el Cambio,Coordinación de Compras F1,Semana 61,Acciones para el Cambio,0,158,1
Pre-registro oficial,"Coordinación Media Centre F1,Gerente Producción F1",Semana 61,Pre-registro oficial,6,152,1
Muestras de Lanyard Textiles,"Coordinación de Compras F1,Subdirección Planeación Estratégica",Semana 61,Muestras de Lanyard Textiles,0,152,1
"Facilidades (espacios Media Center, traslados)",Coordinación Media Centre F1,Semana 62,"Facilidades (espacios Media Center, traslados)",97,150,1
Planeación de amenidades y actividades (Kermesse),Coordinación Media Centre F1,Semana 62,Planeación de amenidades y actividades (Kermesse),97,150,1
Consignas de Seguridad,Gerencia de Seguridad Corporativa,Semana 62,Consignas de Seguridad,18,146,1
Envío a FOM,Analista de Proyectos Entretenimiento F1,Semana 62,Envío a FOM,0,146,1
Correcciones FOM,Analista de Proyectos Entretenimiento F1,Semana 62,Correcciones FOM,17,145,1
Entrega de altas de logos,"Dirección de Operaciones F1,Gerente Producción F1",Semana 62,Entrega de altas de logos,2,145,1
Convocatorio universidades,"Coordinación Media Centre F1,Gerente Producción F1,Creativo F1",Semana 62,Convocatorio universidades,0,145,1
Acreditación de montaje,"Coordinación Experiencia al Cliente,Coordinación Experiencia al Cliente Corporativo F1,Gerencia de Experiencia al Cliente Hospitalidades y Protocolos F1,Gerencia de Redes Sociales F1,Gerencia de Relaciones Públicas F1,Gerente de Experiencia al Cliente C...",Semana 62,Acreditación de montaje,0,145,1
Convocatoria,"Coordinación Experiencia al Cliente,Gerencia de Experiencia al Cliente Hospitalidades y Protocolos F1",Semana 63,Convocatoria,6,144,1
Aprobación de requerimientos de uniforme (äreas),"Dirección General CIE Internacional y F1,Subdirectora Promotoría Exp Al Cliente y Sustentabilidad F1",Semana 63,Aprobación de requerimientos de uniforme (äreas),0,144,1
Uniformes de PR Textiles,"Coordinación de Compras F1,Subdirección Planeación Estratégica",Semana 63,Uniformes de PR Textiles,0,143,1
Entrega de altas a proveedor para pruebas de color,"Dirección de Operaciones F1,Gerente Producción F1",Semana 63,Entrega de altas a proveedor para pruebas de color,4,142,1
Formulario,Gerencia de Seguridad Corporativa,Semana 63,Formulario,0,139,1
Contrato,Coordinación de Compras F1,Semana 63,Contrato,13,138,1
Listado de personal acreditado,Gerencia de Seguridad Corporativa,Semana 63,Listado de personal acreditado,0,138,1
Autorización de pruebas de color,"Dirección de Operaciones F1,Gerente Producción F1",Semana 64,Autorización de pruebas de color,2,137,1
Teaser 1 Convocatorio redes sociales,"Coordinación Experiencia al Cliente,Coordinación Experiencia al Cliente Corporativo F1,Gerencia de Experiencia al Cliente Hospitalidades y Protocolos F1,Gerencia de Redes Sociales F1,Gerencia de Relaciones Públicas F1,Gerente de Experiencia al Cliente C...",Semana 64,Teaser 1 Convocatorio redes sociales,0,137,1
Elaboración de contenidos,"Gerencia de Redes Sociales F1,Gerencia de Relaciones Públicas F1,Dirección de Mercadotecnia F1,Gerencia de Mercadotecnia F1",Semana 64,,0,137,1
Recepción de gráficas,"Gerencia de Redes Sociales F1,Gerencia de Relaciones Públicas F1,Dirección de Mercadotecnia F1,Gerencia de Mercadotecnia F1",Semana 64,Recepción de gráficas,0,137,1
Publicación de contenidos,"Gerencia de Redes Sociales F1,Gerencia de Relaciones Públicas F1,Dirección de Mercadotecnia F1,Gerencia de Mercadotecnia F1",Semana 64,,14,136,1
Adhesión a imagen del cliente,"Dirección Comercial F1,Gerencia Comercial F1,Gerencia Sr. Comercial F1,Creativo F1,Gerente Producción F1,Subdirectora Promotoría Exp Al Cliente y Sustentabilidad F1",Semana 64,Adhesión a imagen del cliente,0,136,1
Pre registro,"Gerencia de Experiencia al Cliente Hospitalidades y Protocolos F1,Coordinación Experiencia al Cliente",Semana 64,Pre registro,0,136,1
Revisión y entrega de template para reporte de cobertura de medios,"Gerencia de Redes Sociales F1,Gerencia de Relaciones Públicas F1,Dirección de Mercadotecnia F1,Gerencia de Mercadotecnia F1",Semana 64,Revisión y entrega de template para reporte de cobertura de medios,0,136,1
Entrega de anexo nota metodológica,"Gerencia de Redes Sociales F1,Gerencia de Relaciones Públicas F1,Dirección de Mercadotecnia F1,Gerencia de Mercadotecnia F1",Semana 64,Entrega de anexo nota metodológica,6,135,1
Filtrado pre-registro,"Coordinación Experiencia al Cliente,Coordinación Experiencia al Cliente Corporativo F1,Gerencia de Experiencia al Cliente Hospitalidades y Protocolos F1,Gerencia de Redes Sociales F1,Gerencia de Relaciones Públicas F1,Gerente de Experiencia al Cliente C...",Semana 64,Filtrado pre-registro,0,135,1
Entrevistas presenciales,"Coordinación Experiencia al Cliente,Coordinación Experiencia al Cliente Corporativo F1,Gerencia de Experiencia al Cliente Hospitalidades y Protocolos F1,Gerencia de Redes Sociales F1,Gerencia de Relaciones Públicas F1,Gerente de Experiencia al Cliente C...",Semana 64,Entrevistas presenciales,0,135,1
Entrevistas virtuales,Coordinación Experiencia al Cliente,Semana 64,Entrevistas virtuales,39,132,1
Coordinación FLY ACROSS,Gerencia de Seguridad Corporativa,Semana 64,Coordinación FLY ACROSS,25,132,1
Autorización de placas para clientes,"Dirección de Operaciones F1,Gerente Producción F1",Semana 64,Autorización de placas para clientes,2,132,1
"Brief para Agencias que realizarán un all In a Terrza A, Speed Lounge Amarillo y Speed Lounge 8A","Dirección de Operaciones F1,Gerente Producción F1",Semana 64,"Brief para Agencias que realizarán un all In a Terrza A, Speed Lounge Amarillo y Speed Lounge 8A",2,132,1
Tower Estructuras,"Dirección de Operaciones F1,Gerente Producción F1",Semana 64,Tower Estructuras,2,132,1
Plus Muebles,"Dirección de Operaciones F1,Gerente Producción F1",Semana 64,Plus Muebles,2,132,1
William Scotman oficinas Oficinas moviles,"Dirección de Operaciones F1,Gerente Producción F1",Semana 64,William Scotman oficinas Oficinas moviles,2,132,1
PSH Oficinas moviles,"Dirección de Operaciones F1,Gerente Producción F1",Semana 64,PSH Oficinas moviles,2,132,1
Entrega de últimos detalles de mood board,"Dirección de Operaciones F1,Gerente Producción F1",Semana 64,Entrega de últimos detalles de mood board,2,132,1
"Sombra para MGS, CMB, PPB","Dirección de Operaciones F1,Gerente Producción F1",Semana 64,"Sombra para MGS, CMB, PPB",2,132,1
Brief Hospitalidades Live Events y MKP,"Dirección de Operaciones F1,Gerente Producción F1",Semana 64,Brief Hospitalidades Live Events y MKP,2,132,1
Scouting voluntarios hosp,"Coordinación Experiencia al Cliente,Coordinación Experiencia al Cliente Corporativo F1,Gerencia de Experiencia al Cliente Hospitalidades y Protocolos F1,Gerencia de Redes Sociales F1,Gerencia de Relaciones Públicas F1,Gerente de Experiencia al Cliente C...",Semana 64,Scouting voluntarios hosp,0,132,1
Autorización de personalización suite,"Dirección de Operaciones F1,Gerente Producción F1",Semana 65,Autorización de personalización suite,4,129,1
Aplicación de Moodboard a materiales y mobiliario,"Dirección de Operaciones F1,Gerente Producción F1",Semana 65,Aplicación de Moodboard a materiales y mobiliario,4,129,1
Respuesta revisión de bases,Dirección de Mercadotecnia F1,Semana 65,Respuesta revisión de bases,4,128,1
Contrato Agencias entretenimiento,Analista de Proyectos Entretenimiento F1,Semana 65,Contrato Agencias entretenimiento,18,125,1
"Definición de espacio de bodegas y cocina debajo de las Gradas PP eses, TSB A y Sports Lounge Azul","Dirección de Operaciones F1,Gerente Producción F1",Semana 65,"Definición de espacio de bodegas y cocina debajo de las Gradas PP eses, TSB A y Sports Lounge Azul",2,124,1
Logística de entrega,Coordinación de Compras F1,Semana 65,Logística de entrega,0,124,1
Criterios de evaluación,Coordinación de Compras F1,Semana 65,Criterios de evaluación,0,124,1
Entrega de bases para revisión del primer semestre,Gerencia de Redes Sociales F1,Semana 66,Entrega de bases para revisión del primer semestre,0,123,1
Fecha límite para aprobar manual de pre carga,Analista de Proyectos Entretenimiento F1,Semana 66,Fecha límite para aprobar manual de pre carga,27,122,1
Fecha límite para aprobar artes de la pre carga,Analista de Proyectos Entretenimiento F1,Semana 66,Fecha límite para aprobar artes de la pre carga,27,122,1
"Fecha límite para aprobar backs, faldones, copetes y pallets",Analista de Proyectos Entretenimiento F1,Semana 66,"Fecha límite para aprobar backs, faldones, copetes y pallets",0,122,1
Fecha límite para aprobar bonificación y mandar a producir pallets,Analista de Proyectos Entretenimiento F1,Semana 66,Fecha límite para aprobar bonificación y mandar a producir pallets,0,122,1
Entrega de bases finales para impresión - digitalización,Gerencia de Redes Sociales F1,Semana 66,Entrega de bases finales para impresión - digitalización,0,122,1
"Sembrado de mobiliario (Aforo de acuerdo al brief de cada hospitalidad) Propuesta de iluminación, materiales y showroom físico","Dirección de Operaciones F1,Gerente Producción F1",Semana 66,"Sembrado de mobiliario (Aforo de acuerdo al brief de cada hospitalidad) Propuesta de iluminación, materiales y showroom físico",6,121,1
"Entrega de renders y layouts Agencias, Live Events y MKP","Dirección de Operaciones F1,Gerente Producción F1",Semana 67,"Entrega de renders y layouts Agencias, Live Events y MKP",0,114,1
Entrega de gráficos para intervención de hospitalidades,"Dirección de Operaciones F1,Gerente Producción F1",Semana 67,Entrega de gráficos para intervención de hospitalidades,0,114,1
Contrato y alta Macrane Maquinaria,"Dirección de Operaciones F1,Gerente Producción F1",Semana 67,Contrato y alta Macrane Maquinaria,0,114,1
Sanirent Oficinas moviles,"Dirección de Operaciones F1,Gerente Producción F1",Semana 67,Sanirent Oficinas moviles,0,114,1
Autorización de presupuesto de hospitalidades,"Dirección de Operaciones F1,Gerente Producción F1",Semana 67,Autorización de presupuesto de hospitalidades,11,111,1
"Solicitud de infraestructura (gas, agua, suministro eléctrico)","Dirección de Operaciones F1,Gerente Producción F1",Semana 67,"Solicitud de infraestructura (gas, agua, suministro eléctrico)",4,111,1
Autorización y solicitud de recubrimientos a proveedores,"Dirección de Operaciones F1,Gerente Producción F1",Semana 67,Autorización y solicitud de recubrimientos a proveedores,4,111,1
Aplicación Master Graphic. Propuesta para muros/divisiones y pisos. Entrega física,"Dirección de Operaciones F1,Gerente Producción F1",Semana 67,Aplicación Master Graphic. Propuesta para muros/divisiones y pisos. Entrega física,3,111,1
"Solicitud de carpas, octanorm y pisos a proveedores","Dirección de Operaciones F1,Gerente Producción F1",Semana 67,"Solicitud de carpas, octanorm y pisos a proveedores",0,111,1
Autorización y solicitud de mobiliario a proveedores,"Dirección de Operaciones F1,Gerente Producción F1",Semana 67,Autorización y solicitud de mobiliario a proveedores,0,111,1
Nussli grada SLS Estructuras,"Dirección de Operaciones F1,Gerente Producción F1",Semana 67,Nussli grada SLS Estructuras,0,111,1
Presentacion Aluminio PPT,"Coordinación Experiencia al Cliente,Coordinación Experiencia al Cliente Corporativo F1,Gerencia de Experiencia al Cliente Hospitalidades y Protocolos F1,Gerencia de Redes Sociales F1,Gerencia de Relaciones Públicas F1,Gerente de Experiencia al Cliente C...",Semana 67,Presentacion Aluminio PPT,0,111,1
Enviar pull telehanders ontrack Maquinaria,"Coordinación Experiencia al Cliente,Coordinación Experiencia al Cliente Corporativo F1,Gerencia de Experiencia al Cliente Hospitalidades y Protocolos F1,Gerencia de Redes Sociales F1,Gerencia de Relaciones Públicas F1,Gerente de Experiencia al Cliente C...",Semana 67,Enviar pull telehanders ontrack Maquinaria,0,111,1
Cotizacion piso BackStage Piso,"Coordinación Experiencia al Cliente,Coordinación Experiencia al Cliente Corporativo F1,Gerencia de Experiencia al Cliente Hospitalidades y Protocolos F1,Gerencia de Redes Sociales F1,Gerencia de Relaciones Públicas F1,Gerente de Experiencia al Cliente C...",Semana 67,Cotizacion piso BackStage Piso,0,111,1
Proveedores de Renders,"Coordinación Experiencia al Cliente,Coordinación Experiencia al Cliente Corporativo F1,Gerencia de Experiencia al Cliente Hospitalidades y Protocolos F1,Gerencia de Redes Sociales F1,Gerencia de Relaciones Públicas F1,Gerente de Experiencia al Cliente C...",Semana 67,Proveedores de Renders,0,111,1
Definicion de Proveedor Ambientacion Diseño de Look & Feel,"Coordinación Experiencia al Cliente,Coordinación Experiencia al Cliente Corporativo F1,Gerencia de Experiencia al Cliente Hospitalidades y Protocolos F1,Gerencia de Redes Sociales F1,Gerencia de Relaciones Públicas F1,Gerente de Experiencia al Cliente C...",Semana 67,Definicion de Proveedor Ambientacion Diseño de Look & Feel,0,111,1
Recorrido interno,"Coordinación Experiencia al Cliente,Coordinación Experiencia al Cliente Corporativo F1,Gerencia de Experiencia al Cliente Hospitalidades y Protocolos F1,Gerencia de Redes Sociales F1,Gerencia de Relaciones Públicas F1,Gerente de Experiencia al Cliente C...",Semana 67,Recorrido interno,0,110,1
Vuelos comerciales,Gerencia de Seguridad Corporativa,Semana 68,Vuelos comerciales,25,104,1
Orden de compra entretenimiento,Analista de Proyectos Entretenimiento F1,Semana 68,Orden de compra entretenimiento,4,104,1
Estimación Inicio de producción,"Analista de Proyectos Entretenimiento F1,Gerencia de Experiencia al Cliente Hospitalidades y Protocolos F1",Semana 69,Estimación Inicio de producción,60,97,1
Cierre de autorización de hospitalidades,"Dirección de Operaciones F1,Gerente Producción F1",Semana 69,Cierre de autorización de hospitalidades,0,97,1
Validación por el cliente,Analista de Proyectos Entretenimiento F1,Semana 70,Validación por el cliente,6,94,1
Aprobación y rechazo de videos,"Coordinación Experiencia al Cliente,Coordinación Experiencia al Cliente Corporativo F1,Gerencia de Experiencia al Cliente Hospitalidades y Protocolos F1,Gerencia de Redes Sociales F1,Gerencia de Relaciones Públicas F1,Gerente de Experiencia al Cliente C...",Semana 70,Aprobación y rechazo de videos,0,90,1
Selección,"Coordinación Experiencia al Cliente,Coordinación Experiencia al Cliente Corporativo F1,Gerencia de Experiencia al Cliente Hospitalidades y Protocolos F1,Gerencia de Redes Sociales F1,Gerencia de Relaciones Públicas F1,Gerente de Experiencia al Cliente C...",Semana 70,Selección,27,89,1
Programación,Analista de Proyectos Entretenimiento F1,Semana 71,Programación,13,87,1
Coordinación traslados Médicos,Gerencia de Seguridad Corporativa,Semana 72,Coordinación traslados Médicos,11,76,1
"Acreditación medios, revisión y envío de acreditaciones",Coordinador de Sostenibilidad F1,Semana 72,"Acreditación medios, revisión y envío de acreditaciones",55,75,1
Gestión de Autorización,Subdirectora Promotoría Exp Al Cliente y Sustentabilidad F1,Semana 74,Gestión de Autorización,6,66,1
Entrega de boletos SUITE,Analista de Proyectos Entretenimiento F1,Semana 74,Entrega de boletos SUITE,0,66,1
Activaciones,Gerencia de Relaciones Públicas F1,Semana 74,Activaciones,0,65,1
Extensión de horarios,Gerencia Hospitalidades y Experiencias Premium F1,Semana 74,Extensión de horarios,25,62,1
Capacitación,"Coordinación Experiencia al Cliente,Coordinación Experiencia al Cliente Corporativo F1,Gerencia de Experiencia al Cliente Hospitalidades y Protocolos F1,Gerencia de Redes Sociales F1,Gerencia de Relaciones Públicas F1,Gerente de Experiencia al Cliente C...",Semana 74,,57,61,1
Contar con agencia y estructura de capacitación de voluntarios,"Coordinación Experiencia al Cliente,Coordinación Experiencia al Cliente Corporativo F1,Gerencia de Experiencia al Cliente Hospitalidades y Protocolos F1,Gerencia de Redes Sociales F1,Gerencia de Relaciones Públicas F1,Gerente de Experiencia al Cliente C...",Semana 74,Contar con agencia y estructura de capacitación de voluntarios,27,61,1
Listo Manual de Voluntarios,"Coordinación Experiencia al Cliente,Coordinación Experiencia al Cliente Corporativo F1,Gerencia de Experiencia al Cliente Hospitalidades y Protocolos F1,Gerencia de Redes Sociales F1,Gerencia de Relaciones Públicas F1,Gerente de Experiencia al Cliente C...",Semana 74,Listo Manual de Voluntarios,20,61,1
Capacitación: Logística de funcionalidad y operación de las hospitalidades previo al evento,"Coordinación Experiencia al Cliente,Coordinación Experiencia al Cliente Corporativo F1,Gerencia de Experiencia al Cliente Hospitalidades y Protocolos F1,Gerencia de Redes Sociales F1,Gerencia de Relaciones Públicas F1,Gerente de Experiencia al Cliente C...",Semana 74,Capacitación: Logística de funcionalidad y operación de las hospitalidades previo al evento,0,61,1
Tertulias,"Coordinación Experiencia al Cliente,Coordinación Experiencia al Cliente Corporativo F1,Gerencia de Experiencia al Cliente Hospitalidades y Protocolos F1,Gerencia de Redes Sociales F1,Gerencia de Relaciones Públicas F1,Gerente de Experiencia al Cliente C...",Semana 75,Tertulias,1,60,1
Logística de impresión (por Ticketmaster),Coordinación de Boletaje F1,Semana 75,Logística de impresión (por Ticketmaster),0,59,1
Cierre de inventario de boletos,Coordinación de Boletaje F1,Semana 75,Cierre de inventario de boletos,56,58,1
Team back al cierre equipo de Hospitalidades,"Coordinación Experiencia al Cliente,Coordinación Experiencia al Cliente Corporativo F1,Gerencia de Experiencia al Cliente Hospitalidades y Protocolos F1,Gerencia de Redes Sociales F1,Gerencia de Relaciones Públicas F1,Gerente de Experiencia al Cliente C...",Semana 75,Team back al cierre equipo de Hospitalidades,0,58,1
Check List General por Hospitalidad,"Coordinación Experiencia al Cliente,Coordinación Experiencia al Cliente Corporativo F1,Gerencia de Experiencia al Cliente Hospitalidades y Protocolos F1,Gerencia de Redes Sociales F1,Gerencia de Relaciones Públicas F1,Gerente de Experiencia al Cliente C...",Semana 75,Check List General por Hospitalidad,0,55,1
"Mantenimiento a infraestructura (Paddock, Pit lane)",Dirección de Operaciones F1,Semana 76,,48,52,1
"Mantenimiento a infraestructura Pit Lane Paddock, Pista",Dirección de Operaciones F1,Semana 76,"Mantenimiento a infraestructura Pit Lane Paddock, Pista",48,52,1
Trámites gubernamentales,Dirección de Operaciones F1,Semana 76,,41,52,1
Atención de Requerimientos de homologación de pista,Dirección de Operaciones F1,Semana 76,,41,52,1
Registro de personal,Dirección de Operaciones F1,Semana 76,Registro de personal,27,52,1
"Gestión Administrativa con gobierno local (acceso, representación, movilidad, tránsito)","Dirección de Operaciones F1,Gerente Producción F1",Semana 76,"Gestión Administrativa con gobierno local (acceso, representación, movilidad, tránsito)",27,52,1
Trámite aduanal internación de maquinaria y equipo,Dirección de Operaciones F1,Semana 76,Trámite aduanal internación de maquinaria y equipo,13,52,1
Montaje Pit Lane (Supervisión),"Dirección de Operaciones F1,Dirección General CIE Internacional y F1",Semana 76,,0,52,1
Producción On Track,Dirección de Operaciones F1,Semana 76,,0,52,1
Contrato Dosai Fibra Optica,Dirección de Operaciones F1,Semana 76,Contrato Dosai Fibra Optica,0,52,1
Requerimientos OMDAI y FIA,Dirección General CIE Internacional y F1,Semana 76,Requerimientos OMDAI y FIA,0,52,1
Preparación de recorridos,Coordinación Media Centre F1,Semana 76,Preparación de recorridos,34,51,1
Producción Minuto a Minuto,Coordinación Media Centre F1,Semana 76,Producción Minuto a Minuto,27,51,1
Media Kit,Coordinación Media Centre F1,Semana 76,Media Kit,27,51,1
Análisis de insumos,Analista Experiencia al Cliente,Semana 76,Análisis de insumos,27,51,1
Propuesta conceptual,Coordinación Media Centre F1,Semana 76,Propuesta conceptual,13,51,1
Asignación,"Coordinación Experiencia al Cliente,Coordinación Experiencia al Cliente Corporativo F1,Gerencia de Experiencia al Cliente Hospitalidades y Protocolos F1,Gerencia de Redes Sociales F1,Gerencia de Relaciones Públicas F1,Gerente de Experiencia al Cliente C...",Semana 77,Asignación,1,40,1
PIT LANE WALK,"Coordinación Experiencia al Cliente,Coordinación Experiencia al Cliente Corporativo F1,Gerencia de Experiencia al Cliente Hospitalidades y Protocolos F1,Gerencia de Redes Sociales F1,Gerencia de Relaciones Públicas F1,Gerente de Experiencia al Cliente C...",Semana 78,PIT LANE WALK,29,38,1
Experiencia Culinaria,"Analista de Experiencia Culinaria,Analista Experiencia al Cliente,Gerencia Experiencia Culinaria F1",Semana 78,,29,38,1
Trámite aduanal envío de equipo,Dirección de Operaciones F1,Semana 78,Trámite aduanal envío de equipo,13,38,1
Propuesta Menú,"Analista de Experiencia Culinaria,Analista Experiencia al Cliente,Gerencia Experiencia Culinaria F1",Semana 78,Propuesta Menú,0,38,1
Validación por Cliente,"Analista de Experiencia Culinaria,Analista Experiencia al Cliente,Gerencia Experiencia Culinaria F1",Semana 78,Validación por Cliente,27,37,1
Primera entrega de Evidencias,Analista de Proyectos Entretenimiento F1,Semana 78,Primera entrega de Evidencias,8,34,1
Capacitación específica para voluntarios y logística de PIT LANE WALK,Coordinación Media Centre F1,Semana 78,Capacitación específica para voluntarios y logística de PIT LANE WALK,29,33,1
Casting-ceremonia,"Coordinación Experiencia al Cliente,Coordinación Experiencia al Cliente Corporativo F1,Gerencia de Experiencia al Cliente Hospitalidades y Protocolos F1,Gerencia de Redes Sociales F1,Gerencia de Relaciones Públicas F1,Gerente de Experiencia al Cliente C...",Semana 78,Casting-ceremonia,27,33,1
Acreditación de coordinadores de producto y voluntarios,"Coordinación Experiencia al Cliente,Coordinación Experiencia al Cliente Corporativo F1,Gerencia de Experiencia al Cliente Hospitalidades y Protocolos F1,Gerencia de Redes Sociales F1,Gerencia de Relaciones Públicas F1,Gerente de Experiencia al Cliente C...",Semana 78,Acreditación de coordinadores de producto y voluntarios,27,33,1
Recorrido dirección,"Coordinación Experiencia al Cliente,Coordinación Experiencia al Cliente Corporativo F1,Gerencia de Experiencia al Cliente Hospitalidades y Protocolos F1,Gerencia de Redes Sociales F1,Gerencia de Relaciones Públicas F1,Gerente de Experiencia al Cliente C...",Semana 78,Recorrido dirección,27,33,1
Entrega de Kit de Voluntarios / PLW,"Coordinación Experiencia al Cliente,Coordinación Experiencia al Cliente Corporativo F1,Gerencia de Experiencia al Cliente Hospitalidades y Protocolos F1,Gerencia de Redes Sociales F1,Gerencia de Relaciones Públicas F1,Gerente de Experiencia al Cliente C...",Semana 78,Entrega de Kit de Voluntarios / PLW,27,33,1
Capacitación: Cuentas Culinaria,"Coordinación Experiencia al Cliente,Coordinación Experiencia al Cliente Corporativo F1,Gerencia de Experiencia al Cliente Hospitalidades y Protocolos F1,Gerencia de Redes Sociales F1,Gerencia de Relaciones Públicas F1,Gerente de Experiencia al Cliente C...",Semana 78,Capacitación: Cuentas Culinaria,27,33,1
Capacitación: Bluter,"Coordinación Experiencia al Cliente,Coordinación Experiencia al Cliente Corporativo F1,Gerencia de Experiencia al Cliente Hospitalidades y Protocolos F1,Gerencia de Redes Sociales F1,Gerencia de Relaciones Públicas F1,Gerente de Experiencia al Cliente C...",Semana 78,Capacitación: Bluter,27,33,1
Capacitación: Integración y Trabajo en equipo ATCL y hospitalidades,"Coordinación Experiencia al Cliente,Coordinación Experiencia al Cliente Corporativo F1,Gerencia de Experiencia al Cliente Hospitalidades y Protocolos F1,Gerencia de Redes Sociales F1,Gerencia de Relaciones Públicas F1,Gerente de Experiencia al Cliente C...",Semana 78,Capacitación: Integración y Trabajo en equipo ATCL y hospitalidades,27,33,1
Tertulias,"Coordinación Experiencia al Cliente,Coordinación Experiencia al Cliente Corporativo F1,Gerencia de Experiencia al Cliente Hospitalidades y Protocolos F1,Gerencia de Redes Sociales F1,Gerencia de Relaciones Públicas F1,Gerente de Experiencia al Cliente C...",Semana 78,Tertulias,23,33,1
Capacitación: Producción,"Coordinación Experiencia al Cliente,Coordinación Experiencia al Cliente Corporativo F1,Gerencia de Experiencia al Cliente Hospitalidades y Protocolos F1,Gerencia de Redes Sociales F1,Gerencia de Relaciones Públicas F1,Gerente de Experiencia al Cliente C...",Semana 78,Capacitación: Producción,20,33,1
Capacitación: Introducción y la F1ESTA,"Coordinación Experiencia al Cliente,Coordinación Experiencia al Cliente Corporativo F1,Gerencia de Experiencia al Cliente Hospitalidades y Protocolos F1,Gerencia de Redes Sociales F1,Gerencia de Relaciones Públicas F1,Gerente de Experiencia al Cliente C...",Semana 78,Capacitación: Introducción y la F1ESTA,20,33,1
Capacitación: Ceremonia de apertura,"Coordinación Experiencia al Cliente,Coordinación Experiencia al Cliente Corporativo F1,Gerencia de Experiencia al Cliente Hospitalidades y Protocolos F1,Gerencia de Redes Sociales F1,Gerencia de Relaciones Públicas F1,Gerente de Experiencia al Cliente C...",Semana 78,Capacitación: Ceremonia de apertura,20,33,1
Capacitación: Sostenibilidad,"Coordinación Experiencia al Cliente,Coordinación Experiencia al Cliente Corporativo F1,Gerencia de Experiencia al Cliente Hospitalidades y Protocolos F1,Gerencia de Redes Sociales F1,Gerencia de Relaciones Públicas F1,Gerente de Experiencia al Cliente C...",Semana 78,Capacitación: Sostenibilidad,20,33,1
Capacitación: Incidencias,"Coordinación Experiencia al Cliente,Coordinación Experiencia al Cliente Corporativo F1,Gerencia de Experiencia al Cliente Hospitalidades y Protocolos F1,Gerencia de Redes Sociales F1,Gerencia de Relaciones Públicas F1,Gerente de Experiencia al Cliente C...",Semana 78,Capacitación: Incidencias,20,33,1
"Capacitación: Núcleos por zona, hospitalidades y marcas por núcleo","Coordinación Experiencia al Cliente,Coordinación Experiencia al Cliente Corporativo F1,Gerencia de Experiencia al Cliente Hospitalidades y Protocolos F1,Gerencia de Redes Sociales F1,Gerencia de Relaciones Públicas F1,Gerente de Experiencia al Cliente C...",Semana 78,"Capacitación: Núcleos por zona, hospitalidades y marcas por núcleo",20,33,1
"Capacitación: Indicadores de efectividad de operación previa al evento, Capacitación: Seguridad integral e inclusión","Coordinación Experiencia al Cliente,Coordinación Experiencia al Cliente Corporativo F1,Gerencia de Experiencia al Cliente Hospitalidades y Protocolos F1,Gerencia de Redes Sociales F1,Gerencia de Relaciones Públicas F1,Gerente de Experiencia al Cliente C...",Semana 78,"Capacitación: Indicadores de efectividad de operación previa al evento, Capacitación: Seguridad integral e inclusión",20,33,1
Capacitación: FAQs generales y reforzamiento de la información,"Coordinación Experiencia al Cliente,Coordinación Experiencia al Cliente Corporativo F1,Gerencia de Experiencia al Cliente Hospitalidades y Protocolos F1,Gerencia de Redes Sociales F1,Gerencia de Relaciones Públicas F1,Gerente de Experiencia al Cliente C...",Semana 78,Capacitación: FAQs generales y reforzamiento de la información,20,33,1
Capacitación: Evaluación por hospitalidad,Coordinación Experiencia al Cliente,Semana 78,Capacitación: Evaluación por hospitalidad,20,33,1
Capacitación: Logística del evento y generalidades de las hospitalidades,"Coordinación Experiencia al Cliente,Coordinación Experiencia al Cliente Corporativo F1,Gerencia de Experiencia al Cliente Hospitalidades y Protocolos F1,Gerencia de Redes Sociales F1,Gerencia de Relaciones Públicas F1,Gerente de Experiencia al Cliente C...",Semana 78,Capacitación: Logística del evento y generalidades de las hospitalidades,20,33,1
Capacitación: Cuentas Corporativas,"Coordinación Experiencia al Cliente,Coordinación Experiencia al Cliente Corporativo F1,Gerencia de Experiencia al Cliente Hospitalidades y Protocolos F1,Gerencia de Redes Sociales F1,Gerencia de Relaciones Públicas F1,Gerente de Experiencia al Cliente C...",Semana 78,Capacitación: Cuentas Corporativas,20,33,1
Capacitación: Experiencias Premium,"Coordinación Experiencia al Cliente,Coordinación Experiencia al Cliente Corporativo F1,Gerencia de Experiencia al Cliente Hospitalidades y Protocolos F1,Gerencia de Redes Sociales F1,Gerencia de Relaciones Públicas F1,Gerente de Experiencia al Cliente C...",Semana 78,Capacitación: Experiencias Premium,20,33,1
Capacitación: Logística de funcionalidad y operación de las hospitalidades durante el evento,"Coordinación Experiencia al Cliente,Coordinación Experiencia al Cliente Corporativo F1,Gerencia de Experiencia al Cliente Hospitalidades y Protocolos F1,Gerencia de Redes Sociales F1,Gerencia de Relaciones Públicas F1,Gerente de Experiencia al Cliente C...",Semana 78,Capacitación: Logística de funcionalidad y operación de las hospitalidades durante el evento,17,33,1
"Fecha límite de confirmación voluntarios. (Foto, talla, confirmación de fechas, etc.)","Coordinación Experiencia al Cliente,Coordinación Experiencia al Cliente Corporativo F1,Gerencia de Experiencia al Cliente Hospitalidades y Protocolos F1,Gerencia de Redes Sociales F1,Gerencia de Relaciones Públicas F1,Gerente de Experiencia al Cliente C...",Semana 78,"Fecha límite de confirmación voluntarios. (Foto, talla, confirmación de fechas, etc.)",13,33,1
Entrega de Activaciones,Analista de Proyectos Entretenimiento F1,Semana 80,Entrega de Activaciones,20,25,1
Trámite migración,Dirección de Operaciones F1,Semana 80,Trámite migración,13,24,1
Abastecimiento antes del evento,Analista Experiencia al Cliente,Semana 80,Abastecimiento antes del evento,18,23,1
Ceremonia y Protocolos,Gerencia de Experiencia al Cliente Hospitalidades y Protocolos F1,Semana 80,,18,20,1
Recorrido de pista,"Gerencia de Experiencia al Cliente Hospitalidades y Protocolos F1,Subdirectora Promotoría Exp Al Cliente y Sustentabilidad F1",Semana 80,,0,20,1
Recorrido de pista,Dirección de Operaciones F1,Semana 80,Recorrido de pista,0,20,1
Implementación,Gerente Producción F1,Semana 80,Implementación,6,19,1
Atención de observaciones,Gerente Producción F1,Semana 81,Atención de observaciones,0,12,1
Informe OMDAI/FIA,"Dirección Comercial F1,Gerencia Comercial F1,Gerencia de Administración e Información Comercial,Gerencia Sr. Comercial F1",Semana 82,Informe OMDAI/FIA,0,11,1
Ubicación (logistica cocinas),"Analista de Experiencia Culinaria,Analista Experiencia al Cliente,Gerencia Experiencia Culinaria F1",Semana 82,Ubicación (logistica cocinas),0,9,1
Reabastecimiento durante el evento,Analista Experiencia al Cliente,Semana 82,Reabastecimiento durante el evento,4,5,1
Gran Premio de Mexico Fórmula 1 2024,"Equipo de Proyecto,Dirección General CIE Internacional y F1",Semana 83,,2,2,1
Operación,Coordinación Experiencia al Cliente,Semana 83,Operación,2,2,1
Ceremonia de apertura,"Gerencia de Experiencia al Cliente Hospitalidades y Protocolos F1,Subdirectora Promotoría Exp Al Cliente y Sustentabilidad F1",Semana 83,Ceremonia de apertura,0,2,1
Protocolo show previo a la carrera,"Gerencia de Experiencia al Cliente Hospitalidades y Protocolos F1,Subdirectora Promotoría Exp Al Cliente y Sustentabilidad F1",Semana 83,Protocolo show previo a la carrera,0,2,1
Carreras de Soporte,"Gerencia de Experiencia al Cliente Hospitalidades y Protocolos F1,Subdirectora Promotoría Exp Al Cliente y Sustentabilidad F1",Semana 83,Carreras de Soporte,0,2,1
Protocolo carreras de soporte,"Gerencia de Experiencia al Cliente Hospitalidades y Protocolos F1,Subdirectora Promotoría Exp Al Cliente y Sustentabilidad F1",Semana 83,Protocolo carreras de soporte,0,2,1
Supervisión durante el México GP,Gerencia de Seguridad Corporativa,Semana 83,Supervisión durante el México GP,0,0,1
Preparación Embalaje y Coordinación,Dirección de Operaciones F1,Semana 83,Preparación Embalaje y Coordinación,0,0,1
